revenue_id,station_id,revenue_date,total_revenue
1_2024-01-01 00:00:00,1,2024-01-01,21343.14
1_2024-01-02 00:00:00,1,2024-01-02,16611.11
1_2024-01-03 00:00:00,1,2024-01-03,21943.31
1_2024-01-04 00:00:00,1,2024-01-04,19589.03
1_2024-01-05 00:00:00,1,2024-01-05,25404.26
1_2024-01-06 00:00:00,1,2024-01-06,27640.8
1_2024-01-07 00:00:00,1,2024-01-07,38404.72
1_2024-01-08 00:00:00,1,2024-01-08,18989.82
1_2024-01-09 00:00:00,1,2024-01-09,33966.2
1_2024-01-10 00:00:00,1,2024-01-10,36989.44
1_2024-01-11 00:00:00,1,2024-01-11,44098.94
1_2024-01-12 00:00:00,1,2024-01-12,38133.01
1_2024-01-13 00:00:00,1,2024-01-13,18047.36
1_2024-01-14 00:00:00,1,2024-01-14,12831.95
1_2024-01-15 00:00:00,1,2024-01-15,46093.46
1_2024-01-16 00:00:00,1,2024-01-16,35921.92
1_2024-01-17 00:00:00,1,2024-01-17,9415.47
1_2024-01-18 00:00:00,1,2024-01-18,33376.86
1_2024-01-19 00:00:00,1,2024-01-19,8408.02
1_2024-01-20 00:00:00,1,2024-01-20,17813.28
1_2024-01-21 00:00:00,1,2024-01-21,11991.15
1_2024-01-22 00:00:00,1,2024-01-22,6367.56
1_2024-01-23 00:00:00,1,2024-01-23,9869.53
1_2024-01-24 00:00:00,1,2024-01-24,28898.86
1_2024-01-25 00:00:00,1,2024-01-25,35373.29
1_2024-01-26 00:00:00,1,2024-01-26,36423.09
1_2024-01-27 00:00:00,1,2024-01-27,30139.19
1_2024-01-28 00:00:00,1,2024-01-28,27843.39
1_2024-01-29 00:00:00,1,2024-01-29,10756.51
1_2024-01-30 00:00:00,1,2024-01-30,33419.35
1_2024-01-31 00:00:00,1,2024-01-31,30378.18
1_2024-02-01 00:00:00,1,2024-02-01,17375.12
1_2024-02-02 00:00:00,1,2024-02-02,18104.62
1_2024-02-03 00:00:00,1,2024-02-03,5131.28
1_2024-02-04 00:00:00,1,2024-02-04,44176.45
1_2024-02-05 00:00:00,1,2024-02-05,34117.17
1_2024-02-06 00:00:00,1,2024-02-06,5916.67
1_2024-02-07 00:00:00,1,2024-02-07,15148.73
1_2024-02-08 00:00:00,1,2024-02-08,21663.31
1_2024-02-09 00:00:00,1,2024-02-09,40385.86
1_2024-02-10 00:00:00,1,2024-02-10,41336.32
1_2024-02-11 00:00:00,1,2024-02-11,13943.52
1_2024-02-12 00:00:00,1,2024-02-12,38930.58
1_2024-02-13 00:00:00,1,2024-02-13,23345.14
1_2024-02-14 00:00:00,1,2024-02-14,7208.29
1_2024-02-15 00:00:00,1,2024-02-15,34081.88
1_2024-02-16 00:00:00,1,2024-02-16,30322.4
1_2024-02-17 00:00:00,1,2024-02-17,47205.78
1_2024-02-18 00:00:00,1,2024-02-18,42551.08
1_2024-02-19 00:00:00,1,2024-02-19,30244.69
1_2024-02-20 00:00:00,1,2024-02-20,13442.66
1_2024-02-21 00:00:00,1,2024-02-21,16435.22
1_2024-02-22 00:00:00,1,2024-02-22,31036.26
1_2024-02-23 00:00:00,1,2024-02-23,10045.13
1_2024-02-24 00:00:00,1,2024-02-24,20409.25
1_2024-02-25 00:00:00,1,2024-02-25,36396.9
1_2024-02-26 00:00:00,1,2024-02-26,23352.0
1_2024-02-27 00:00:00,1,2024-02-27,38889.32
1_2024-02-28 00:00:00,1,2024-02-28,11441.02
1_2024-02-29 00:00:00,1,2024-02-29,22728.93
1_2024-03-01 00:00:00,1,2024-03-01,11129.64
1_2024-03-02 00:00:00,1,2024-03-02,30056.98
1_2024-03-03 00:00:00,1,2024-03-03,40246.14
1_2024-03-04 00:00:00,1,2024-03-04,47644.22
1_2024-03-05 00:00:00,1,2024-03-05,29371.34
1_2024-03-06 00:00:00,1,2024-03-06,47775.54
1_2024-03-07 00:00:00,1,2024-03-07,7905.29
1_2024-03-08 00:00:00,1,2024-03-08,32436.86
1_2024-03-09 00:00:00,1,2024-03-09,32919.14
1_2024-03-10 00:00:00,1,2024-03-10,8222.36
1_2024-03-11 00:00:00,1,2024-03-11,16702.4
1_2024-03-12 00:00:00,1,2024-03-12,16855.76
1_2024-03-13 00:00:00,1,2024-03-13,11209.38
1_2024-03-14 00:00:00,1,2024-03-14,32452.49
1_2024-03-15 00:00:00,1,2024-03-15,27679.39
1_2024-03-16 00:00:00,1,2024-03-16,33164.46
1_2024-03-17 00:00:00,1,2024-03-17,48636.27
1_2024-03-18 00:00:00,1,2024-03-18,37730.62
1_2024-03-19 00:00:00,1,2024-03-19,48809.11
1_2024-03-20 00:00:00,1,2024-03-20,23375.26
1_2024-03-21 00:00:00,1,2024-03-21,47307.18
1_2024-03-22 00:00:00,1,2024-03-22,34432.77
1_2024-03-23 00:00:00,1,2024-03-23,43301.68
1_2024-03-24 00:00:00,1,2024-03-24,28349.66
1_2024-03-25 00:00:00,1,2024-03-25,29908.65
1_2024-03-26 00:00:00,1,2024-03-26,43625.97
1_2024-03-27 00:00:00,1,2024-03-27,45658.91
1_2024-03-28 00:00:00,1,2024-03-28,15909.57
1_2024-03-29 00:00:00,1,2024-03-29,28051.61
1_2024-03-30 00:00:00,1,2024-03-30,32958.92
1_2024-03-31 00:00:00,1,2024-03-31,44325.86
2_2024-01-01 00:00:00,2,2024-01-01,43624.5
2_2024-01-02 00:00:00,2,2024-01-02,8503.18
2_2024-01-03 00:00:00,2,2024-01-03,47264.84
2_2024-01-04 00:00:00,2,2024-01-04,14783.84
2_2024-01-05 00:00:00,2,2024-01-05,13365.78
2_2024-01-06 00:00:00,2,2024-01-06,16510.45
2_2024-01-07 00:00:00,2,2024-01-07,28570.09
2_2024-01-08 00:00:00,2,2024-01-08,10238.96
2_2024-01-09 00:00:00,2,2024-01-09,6028.2
2_2024-01-10 00:00:00,2,2024-01-10,18808.89
2_2024-01-11 00:00:00,2,2024-01-11,49732.9
2_2024-01-12 00:00:00,2,2024-01-12,26975.85
2_2024-01-13 00:00:00,2,2024-01-13,25300.71
2_2024-01-14 00:00:00,2,2024-01-14,40255.55
2_2024-01-15 00:00:00,2,2024-01-15,32643.17
2_2024-01-16 00:00:00,2,2024-01-16,11063.66
2_2024-01-17 00:00:00,2,2024-01-17,39856.67
2_2024-01-18 00:00:00,2,2024-01-18,34646.48
2_2024-01-19 00:00:00,2,2024-01-19,40368.46
2_2024-01-20 00:00:00,2,2024-01-20,16046.0
2_2024-01-21 00:00:00,2,2024-01-21,33217.47
2_2024-01-22 00:00:00,2,2024-01-22,14775.91
2_2024-01-23 00:00:00,2,2024-01-23,10188.07
2_2024-01-24 00:00:00,2,2024-01-24,20967.56
2_2024-01-25 00:00:00,2,2024-01-25,16954.11
2_2024-01-26 00:00:00,2,2024-01-26,47466.49
2_2024-01-27 00:00:00,2,2024-01-27,35799.45
2_2024-01-28 00:00:00,2,2024-01-28,49393.02
2_2024-01-29 00:00:00,2,2024-01-29,40294.84
2_2024-01-30 00:00:00,2,2024-01-30,44067.25
2_2024-01-31 00:00:00,2,2024-01-31,49623.05
2_2024-02-01 00:00:00,2,2024-02-01,49955.25
2_2024-02-02 00:00:00,2,2024-02-02,24530.39
2_2024-02-03 00:00:00,2,2024-02-03,37009.88
2_2024-02-04 00:00:00,2,2024-02-04,24196.35
2_2024-02-05 00:00:00,2,2024-02-05,19546.06
2_2024-02-06 00:00:00,2,2024-02-06,26446.76
2_2024-02-07 00:00:00,2,2024-02-07,41051.36
2_2024-02-08 00:00:00,2,2024-02-08,33829.59
2_2024-02-09 00:00:00,2,2024-02-09,22165.06
2_2024-02-10 00:00:00,2,2024-02-10,15833.81
2_2024-02-11 00:00:00,2,2024-02-11,36593.43
2_2024-02-12 00:00:00,2,2024-02-12,44793.89
2_2024-02-13 00:00:00,2,2024-02-13,23301.73
2_2024-02-14 00:00:00,2,2024-02-14,42279.8
2_2024-02-15 00:00:00,2,2024-02-15,18832.04
2_2024-02-16 00:00:00,2,2024-02-16,13963.42
2_2024-02-17 00:00:00,2,2024-02-17,39613.68
2_2024-02-18 00:00:00,2,2024-02-18,32646.29
2_2024-02-19 00:00:00,2,2024-02-19,33682.76
2_2024-02-20 00:00:00,2,2024-02-20,17085.51
2_2024-02-21 00:00:00,2,2024-02-21,7175.54
2_2024-02-22 00:00:00,2,2024-02-22,19794.84
2_2024-02-23 00:00:00,2,2024-02-23,44151.4
2_2024-02-24 00:00:00,2,2024-02-24,20559.86
2_2024-02-25 00:00:00,2,2024-02-25,21218.67
2_2024-02-26 00:00:00,2,2024-02-26,10969.97
2_2024-02-27 00:00:00,2,2024-02-27,7983.77
2_2024-02-28 00:00:00,2,2024-02-28,7690.73
2_2024-02-29 00:00:00,2,2024-02-29,7830.68
2_2024-03-01 00:00:00,2,2024-03-01,28709.01
2_2024-03-02 00:00:00,2,2024-03-02,9541.43
2_2024-03-03 00:00:00,2,2024-03-03,16113.67
2_2024-03-04 00:00:00,2,2024-03-04,29257.7
2_2024-03-05 00:00:00,2,2024-03-05,44370.17
2_2024-03-06 00:00:00,2,2024-03-06,18041.74
2_2024-03-07 00:00:00,2,2024-03-07,11297.14
2_2024-03-08 00:00:00,2,2024-03-08,44676.11
2_2024-03-09 00:00:00,2,2024-03-09,13738.13
2_2024-03-10 00:00:00,2,2024-03-10,11837.53
2_2024-03-11 00:00:00,2,2024-03-11,25506.89
2_2024-03-12 00:00:00,2,2024-03-12,11869.67
2_2024-03-13 00:00:00,2,2024-03-13,22975.82
2_2024-03-14 00:00:00,2,2024-03-14,17662.96
2_2024-03-15 00:00:00,2,2024-03-15,8128.84
2_2024-03-16 00:00:00,2,2024-03-16,40242.93
2_2024-03-17 00:00:00,2,2024-03-17,13037.41
2_2024-03-18 00:00:00,2,2024-03-18,27879.19
2_2024-03-19 00:00:00,2,2024-03-19,42454.55
2_2024-03-20 00:00:00,2,2024-03-20,9848.53
2_2024-03-21 00:00:00,2,2024-03-21,16023.09
2_2024-03-22 00:00:00,2,2024-03-22,39637.83
2_2024-03-23 00:00:00,2,2024-03-23,36217.31
2_2024-03-24 00:00:00,2,2024-03-24,31682.28
2_2024-03-25 00:00:00,2,2024-03-25,17853.68
2_2024-03-26 00:00:00,2,2024-03-26,40469.17
2_2024-03-27 00:00:00,2,2024-03-27,41883.37
2_2024-03-28 00:00:00,2,2024-03-28,28159.76
2_2024-03-29 00:00:00,2,2024-03-29,17461.8
2_2024-03-30 00:00:00,2,2024-03-30,33363.79
2_2024-03-31 00:00:00,2,2024-03-31,6044.59
3_2024-01-01 00:00:00,3,2024-01-01,25510.24
3_2024-01-02 00:00:00,3,2024-01-02,11853.14
3_2024-01-03 00:00:00,3,2024-01-03,17637.39
3_2024-01-04 00:00:00,3,2024-01-04,15073.84
3_2024-01-05 00:00:00,3,2024-01-05,41314.92
3_2024-01-06 00:00:00,3,2024-01-06,24156.69
3_2024-01-07 00:00:00,3,2024-01-07,42603.52
3_2024-01-08 00:00:00,3,2024-01-08,20066.44
3_2024-01-09 00:00:00,3,2024-01-09,39794.85
3_2024-01-10 00:00:00,3,2024-01-10,46099.54
3_2024-01-11 00:00:00,3,2024-01-11,14529.53
3_2024-01-12 00:00:00,3,2024-01-12,30572.12
3_2024-01-13 00:00:00,3,2024-01-13,21947.35
3_2024-01-14 00:00:00,3,2024-01-14,16587.05
3_2024-01-15 00:00:00,3,2024-01-15,29766.11
3_2024-01-16 00:00:00,3,2024-01-16,45921.0
3_2024-01-17 00:00:00,3,2024-01-17,10192.55
3_2024-01-18 00:00:00,3,2024-01-18,9760.93
3_2024-01-19 00:00:00,3,2024-01-19,42293.32
3_2024-01-20 00:00:00,3,2024-01-20,23788.58
3_2024-01-21 00:00:00,3,2024-01-21,27869.73
3_2024-01-22 00:00:00,3,2024-01-22,49018.97
3_2024-01-23 00:00:00,3,2024-01-23,12151.54
3_2024-01-24 00:00:00,3,2024-01-24,46999.58
3_2024-01-25 00:00:00,3,2024-01-25,49632.19
3_2024-01-26 00:00:00,3,2024-01-26,35244.95
3_2024-01-27 00:00:00,3,2024-01-27,5264.42
3_2024-01-28 00:00:00,3,2024-01-28,26234.32
3_2024-01-29 00:00:00,3,2024-01-29,43030.93
3_2024-01-30 00:00:00,3,2024-01-30,41699.75
3_2024-01-31 00:00:00,3,2024-01-31,48508.42
3_2024-02-01 00:00:00,3,2024-02-01,16552.88
3_2024-02-02 00:00:00,3,2024-02-02,36988.12
3_2024-02-03 00:00:00,3,2024-02-03,30067.75
3_2024-02-04 00:00:00,3,2024-02-04,30537.8
3_2024-02-05 00:00:00,3,2024-02-05,5953.4
3_2024-02-06 00:00:00,3,2024-02-06,31806.93
3_2024-02-07 00:00:00,3,2024-02-07,35044.43
3_2024-02-08 00:00:00,3,2024-02-08,49403.5
3_2024-02-09 00:00:00,3,2024-02-09,5616.37
3_2024-02-10 00:00:00,3,2024-02-10,43797.06
3_2024-02-11 00:00:00,3,2024-02-11,18169.96
3_2024-02-12 00:00:00,3,2024-02-12,45578.1
3_2024-02-13 00:00:00,3,2024-02-13,8054.68
3_2024-02-14 00:00:00,3,2024-02-14,41757.07
3_2024-02-15 00:00:00,3,2024-02-15,37938.28
3_2024-02-16 00:00:00,3,2024-02-16,42452.53
3_2024-02-17 00:00:00,3,2024-02-17,31319.96
3_2024-02-18 00:00:00,3,2024-02-18,37624.17
3_2024-02-19 00:00:00,3,2024-02-19,41608.88
3_2024-02-20 00:00:00,3,2024-02-20,11827.16
3_2024-02-21 00:00:00,3,2024-02-21,30207.78
3_2024-02-22 00:00:00,3,2024-02-22,41715.87
3_2024-02-23 00:00:00,3,2024-02-23,14583.82
3_2024-02-24 00:00:00,3,2024-02-24,35719.69
3_2024-02-25 00:00:00,3,2024-02-25,7595.95
3_2024-02-26 00:00:00,3,2024-02-26,18682.35
3_2024-02-27 00:00:00,3,2024-02-27,41745.54
3_2024-02-28 00:00:00,3,2024-02-28,18592.66
3_2024-02-29 00:00:00,3,2024-02-29,12185.0
3_2024-03-01 00:00:00,3,2024-03-01,10970.2
3_2024-03-02 00:00:00,3,2024-03-02,42695.38
3_2024-03-03 00:00:00,3,2024-03-03,10738.64
3_2024-03-04 00:00:00,3,2024-03-04,13394.55
3_2024-03-05 00:00:00,3,2024-03-05,35330.01
3_2024-03-06 00:00:00,3,2024-03-06,6172.58
3_2024-03-07 00:00:00,3,2024-03-07,5264.66
3_2024-03-08 00:00:00,3,2024-03-08,9595.25
3_2024-03-09 00:00:00,3,2024-03-09,42663.56
3_2024-03-10 00:00:00,3,2024-03-10,14719.52
3_2024-03-11 00:00:00,3,2024-03-11,21818.17
3_2024-03-12 00:00:00,3,2024-03-12,33240.31
3_2024-03-13 00:00:00,3,2024-03-13,45291.16
3_2024-03-14 00:00:00,3,2024-03-14,33807.3
3_2024-03-15 00:00:00,3,2024-03-15,10462.27
3_2024-03-16 00:00:00,3,2024-03-16,30357.29
3_2024-03-17 00:00:00,3,2024-03-17,34189.45
3_2024-03-18 00:00:00,3,2024-03-18,40507.7
3_2024-03-19 00:00:00,3,2024-03-19,31153.19
3_2024-03-20 00:00:00,3,2024-03-20,10473.8
3_2024-03-21 00:00:00,3,2024-03-21,21046.83
3_2024-03-22 00:00:00,3,2024-03-22,5009.99
3_2024-03-23 00:00:00,3,2024-03-23,21051.1
3_2024-03-24 00:00:00,3,2024-03-24,38284.79
3_2024-03-25 00:00:00,3,2024-03-25,8578.2
3_2024-03-26 00:00:00,3,2024-03-26,41449.6
3_2024-03-27 00:00:00,3,2024-03-27,16063.14
3_2024-03-28 00:00:00,3,2024-03-28,8385.43
3_2024-03-29 00:00:00,3,2024-03-29,45727.08
3_2024-03-30 00:00:00,3,2024-03-30,45583.96
3_2024-03-31 00:00:00,3,2024-03-31,7174.08
4_2024-01-01 00:00:00,4,2024-01-01,27998.03
4_2024-01-02 00:00:00,4,2024-01-02,14002.55
4_2024-01-03 00:00:00,4,2024-01-03,42454.84
4_2024-01-04 00:00:00,4,2024-01-04,21540.63
4_2024-01-05 00:00:00,4,2024-01-05,27057.21
4_2024-01-06 00:00:00,4,2024-01-06,35384.41
4_2024-01-07 00:00:00,4,2024-01-07,7485.28
4_2024-01-08 00:00:00,4,2024-01-08,32440.28
4_2024-01-09 00:00:00,4,2024-01-09,20181.77
4_2024-01-10 00:00:00,4,2024-01-10,42683.8
4_2024-01-11 00:00:00,4,2024-01-11,28006.5
4_2024-01-12 00:00:00,4,2024-01-12,28317.55
4_2024-01-13 00:00:00,4,2024-01-13,33228.84
4_2024-01-14 00:00:00,4,2024-01-14,40695.75
4_2024-01-15 00:00:00,4,2024-01-15,41302.7
4_2024-01-16 00:00:00,4,2024-01-16,20478.54
4_2024-01-17 00:00:00,4,2024-01-17,26247.06
4_2024-01-18 00:00:00,4,2024-01-18,8573.93
4_2024-01-19 00:00:00,4,2024-01-19,22837.89
4_2024-01-20 00:00:00,4,2024-01-20,44694.29
4_2024-01-21 00:00:00,4,2024-01-21,16357.2
4_2024-01-22 00:00:00,4,2024-01-22,16139.22
4_2024-01-23 00:00:00,4,2024-01-23,9992.26
4_2024-01-24 00:00:00,4,2024-01-24,44912.66
4_2024-01-25 00:00:00,4,2024-01-25,11170.8
4_2024-01-26 00:00:00,4,2024-01-26,39556.86
4_2024-01-27 00:00:00,4,2024-01-27,47110.65
4_2024-01-28 00:00:00,4,2024-01-28,38805.05
4_2024-01-29 00:00:00,4,2024-01-29,36249.9
4_2024-01-30 00:00:00,4,2024-01-30,20662.64
4_2024-01-31 00:00:00,4,2024-01-31,9500.32
4_2024-02-01 00:00:00,4,2024-02-01,44323.28
4_2024-02-02 00:00:00,4,2024-02-02,38137.32
4_2024-02-03 00:00:00,4,2024-02-03,39008.01
4_2024-02-04 00:00:00,4,2024-02-04,23316.66
4_2024-02-05 00:00:00,4,2024-02-05,32222.37
4_2024-02-06 00:00:00,4,2024-02-06,9417.05
4_2024-02-07 00:00:00,4,2024-02-07,43318.76
4_2024-02-08 00:00:00,4,2024-02-08,41405.72
4_2024-02-09 00:00:00,4,2024-02-09,42707.9
4_2024-02-10 00:00:00,4,2024-02-10,33338.14
4_2024-02-11 00:00:00,4,2024-02-11,31883.01
4_2024-02-12 00:00:00,4,2024-02-12,10286.18
4_2024-02-13 00:00:00,4,2024-02-13,17638.99
4_2024-02-14 00:00:00,4,2024-02-14,37407.86
4_2024-02-15 00:00:00,4,2024-02-15,48462.46
4_2024-02-16 00:00:00,4,2024-02-16,27499.38
4_2024-02-17 00:00:00,4,2024-02-17,6266.93
4_2024-02-18 00:00:00,4,2024-02-18,7925.08
4_2024-02-19 00:00:00,4,2024-02-19,49502.92
4_2024-02-20 00:00:00,4,2024-02-20,33540.63
4_2024-02-21 00:00:00,4,2024-02-21,46264.89
4_2024-02-22 00:00:00,4,2024-02-22,18884.17
4_2024-02-23 00:00:00,4,2024-02-23,15316.13
4_2024-02-24 00:00:00,4,2024-02-24,28181.47
4_2024-02-25 00:00:00,4,2024-02-25,28319.87
4_2024-02-26 00:00:00,4,2024-02-26,40133.74
4_2024-02-27 00:00:00,4,2024-02-27,28238.14
4_2024-02-28 00:00:00,4,2024-02-28,12819.53
4_2024-02-29 00:00:00,4,2024-02-29,37329.73
4_2024-03-01 00:00:00,4,2024-03-01,49534.39
4_2024-03-02 00:00:00,4,2024-03-02,9343.87
4_2024-03-03 00:00:00,4,2024-03-03,35970.63
4_2024-03-04 00:00:00,4,2024-03-04,38501.37
4_2024-03-05 00:00:00,4,2024-03-05,45900.13
4_2024-03-06 00:00:00,4,2024-03-06,17059.94
4_2024-03-07 00:00:00,4,2024-03-07,28531.25
4_2024-03-08 00:00:00,4,2024-03-08,41984.86
4_2024-03-09 00:00:00,4,2024-03-09,34654.33
4_2024-03-10 00:00:00,4,2024-03-10,6941.22
4_2024-03-11 00:00:00,4,2024-03-11,36713.47
4_2024-03-12 00:00:00,4,2024-03-12,48718.3
4_2024-03-13 00:00:00,4,2024-03-13,39522.63
4_2024-03-14 00:00:00,4,2024-03-14,28427.62
4_2024-03-15 00:00:00,4,2024-03-15,9699.19
4_2024-03-16 00:00:00,4,2024-03-16,12977.1
4_2024-03-17 00:00:00,4,2024-03-17,30447.76
4_2024-03-18 00:00:00,4,2024-03-18,24482.71
4_2024-03-19 00:00:00,4,2024-03-19,44496.94
4_2024-03-20 00:00:00,4,2024-03-20,37596.91
4_2024-03-21 00:00:00,4,2024-03-21,27385.83
4_2024-03-22 00:00:00,4,2024-03-22,35389.46
4_2024-03-23 00:00:00,4,2024-03-23,12828.05
4_2024-03-24 00:00:00,4,2024-03-24,7961.93
4_2024-03-25 00:00:00,4,2024-03-25,46735.99
4_2024-03-26 00:00:00,4,2024-03-26,41010.29
4_2024-03-27 00:00:00,4,2024-03-27,5706.01
4_2024-03-28 00:00:00,4,2024-03-28,45049.48
4_2024-03-29 00:00:00,4,2024-03-29,27573.54
4_2024-03-30 00:00:00,4,2024-03-30,48178.67
4_2024-03-31 00:00:00,4,2024-03-31,31248.13
5_2024-01-01 00:00:00,5,2024-01-01,35762.65
5_2024-01-02 00:00:00,5,2024-01-02,37016.57
5_2024-01-03 00:00:00,5,2024-01-03,11010.19
5_2024-01-04 00:00:00,5,2024-01-04,10791.1
5_2024-01-05 00:00:00,5,2024-01-05,9171.81
5_2024-01-06 00:00:00,5,2024-01-06,32492.58
5_2024-01-07 00:00:00,5,2024-01-07,45229.49
5_2024-01-08 00:00:00,5,2024-01-08,41287.95
5_2024-01-09 00:00:00,5,2024-01-09,32275.43
5_2024-01-10 00:00:00,5,2024-01-10,14981.89
5_2024-01-11 00:00:00,5,2024-01-11,29820.17
5_2024-01-12 00:00:00,5,2024-01-12,44547.19
5_2024-01-13 00:00:00,5,2024-01-13,19390.53
5_2024-01-14 00:00:00,5,2024-01-14,35222.06
5_2024-01-15 00:00:00,5,2024-01-15,37431.94
5_2024-01-16 00:00:00,5,2024-01-16,7284.68
5_2024-01-17 00:00:00,5,2024-01-17,42561.05
5_2024-01-18 00:00:00,5,2024-01-18,44252.72
5_2024-01-19 00:00:00,5,2024-01-19,10016.51
5_2024-01-20 00:00:00,5,2024-01-20,28521.55
5_2024-01-21 00:00:00,5,2024-01-21,6286.99
5_2024-01-22 00:00:00,5,2024-01-22,43754.15
5_2024-01-23 00:00:00,5,2024-01-23,31563.15
5_2024-01-24 00:00:00,5,2024-01-24,35176.58
5_2024-01-25 00:00:00,5,2024-01-25,35789.86
5_2024-01-26 00:00:00,5,2024-01-26,10890.19
5_2024-01-27 00:00:00,5,2024-01-27,17419.32
5_2024-01-28 00:00:00,5,2024-01-28,14451.32
5_2024-01-29 00:00:00,5,2024-01-29,38773.11
5_2024-01-30 00:00:00,5,2024-01-30,25342.01
5_2024-01-31 00:00:00,5,2024-01-31,23564.83
5_2024-02-01 00:00:00,5,2024-02-01,26297.43
5_2024-02-02 00:00:00,5,2024-02-02,17097.51
5_2024-02-03 00:00:00,5,2024-02-03,19404.15
5_2024-02-04 00:00:00,5,2024-02-04,23456.93
5_2024-02-05 00:00:00,5,2024-02-05,42285.05
5_2024-02-06 00:00:00,5,2024-02-06,31867.63
5_2024-02-07 00:00:00,5,2024-02-07,38043.36
5_2024-02-08 00:00:00,5,2024-02-08,23499.3
5_2024-02-09 00:00:00,5,2024-02-09,19056.96
5_2024-02-10 00:00:00,5,2024-02-10,24008.96
5_2024-02-11 00:00:00,5,2024-02-11,48446.9
5_2024-02-12 00:00:00,5,2024-02-12,27001.83
5_2024-02-13 00:00:00,5,2024-02-13,17846.56
5_2024-02-14 00:00:00,5,2024-02-14,10784.92
5_2024-02-15 00:00:00,5,2024-02-15,35592.37
5_2024-02-16 00:00:00,5,2024-02-16,21429.06
5_2024-02-17 00:00:00,5,2024-02-17,19163.86
5_2024-02-18 00:00:00,5,2024-02-18,25542.6
5_2024-02-19 00:00:00,5,2024-02-19,14464.5
5_2024-02-20 00:00:00,5,2024-02-20,24356.8
5_2024-02-21 00:00:00,5,2024-02-21,17278.75
5_2024-02-22 00:00:00,5,2024-02-22,30442.98
5_2024-02-23 00:00:00,5,2024-02-23,16428.54
5_2024-02-24 00:00:00,5,2024-02-24,32540.29
5_2024-02-25 00:00:00,5,2024-02-25,49695.01
5_2024-02-26 00:00:00,5,2024-02-26,39770.77
5_2024-02-27 00:00:00,5,2024-02-27,12283.86
5_2024-02-28 00:00:00,5,2024-02-28,6735.03
5_2024-02-29 00:00:00,5,2024-02-29,7940.0
5_2024-03-01 00:00:00,5,2024-03-01,29689.48
5_2024-03-02 00:00:00,5,2024-03-02,17533.77
5_2024-03-03 00:00:00,5,2024-03-03,5482.74
5_2024-03-04 00:00:00,5,2024-03-04,17949.13
5_2024-03-05 00:00:00,5,2024-03-05,33514.68
5_2024-03-06 00:00:00,5,2024-03-06,38830.64
5_2024-03-07 00:00:00,5,2024-03-07,6211.31
5_2024-03-08 00:00:00,5,2024-03-08,43429.78
5_2024-03-09 00:00:00,5,2024-03-09,30238.07
5_2024-03-10 00:00:00,5,2024-03-10,43571.13
5_2024-03-11 00:00:00,5,2024-03-11,49452.23
5_2024-03-12 00:00:00,5,2024-03-12,17022.04
5_2024-03-13 00:00:00,5,2024-03-13,18961.92
5_2024-03-14 00:00:00,5,2024-03-14,15425.27
5_2024-03-15 00:00:00,5,2024-03-15,20843.35
5_2024-03-16 00:00:00,5,2024-03-16,22277.13
5_2024-03-17 00:00:00,5,2024-03-17,26142.38
5_2024-03-18 00:00:00,5,2024-03-18,14287.55
5_2024-03-19 00:00:00,5,2024-03-19,31946.64
5_2024-03-20 00:00:00,5,2024-03-20,21668.7
5_2024-03-21 00:00:00,5,2024-03-21,16960.81
5_2024-03-22 00:00:00,5,2024-03-22,33579.43
5_2024-03-23 00:00:00,5,2024-03-23,46905.26
5_2024-03-24 00:00:00,5,2024-03-24,21322.62
5_2024-03-25 00:00:00,5,2024-03-25,35336.93
5_2024-03-26 00:00:00,5,2024-03-26,46919.48
5_2024-03-27 00:00:00,5,2024-03-27,49560.64
5_2024-03-28 00:00:00,5,2024-03-28,24541.54
5_2024-03-29 00:00:00,5,2024-03-29,18918.09
5_2024-03-30 00:00:00,5,2024-03-30,48725.55
5_2024-03-31 00:00:00,5,2024-03-31,41759.54
6_2024-01-01 00:00:00,6,2024-01-01,13780.44
6_2024-01-02 00:00:00,6,2024-01-02,16381.7
6_2024-01-03 00:00:00,6,2024-01-03,43296.0
6_2024-01-04 00:00:00,6,2024-01-04,42706.33
6_2024-01-05 00:00:00,6,2024-01-05,12888.16
6_2024-01-06 00:00:00,6,2024-01-06,17612.15
6_2024-01-07 00:00:00,6,2024-01-07,38324.16
6_2024-01-08 00:00:00,6,2024-01-08,14016.62
6_2024-01-09 00:00:00,6,2024-01-09,36224.44
6_2024-01-10 00:00:00,6,2024-01-10,48289.6
6_2024-01-11 00:00:00,6,2024-01-11,32361.4
6_2024-01-12 00:00:00,6,2024-01-12,37519.71
6_2024-01-13 00:00:00,6,2024-01-13,30073.31
6_2024-01-14 00:00:00,6,2024-01-14,45075.51
6_2024-01-15 00:00:00,6,2024-01-15,16174.11
6_2024-01-16 00:00:00,6,2024-01-16,25780.43
6_2024-01-17 00:00:00,6,2024-01-17,41218.07
6_2024-01-18 00:00:00,6,2024-01-18,15708.14
6_2024-01-19 00:00:00,6,2024-01-19,12127.05
6_2024-01-20 00:00:00,6,2024-01-20,36612.32
6_2024-01-21 00:00:00,6,2024-01-21,20917.87
6_2024-01-22 00:00:00,6,2024-01-22,38958.72
6_2024-01-23 00:00:00,6,2024-01-23,36025.3
6_2024-01-24 00:00:00,6,2024-01-24,42659.97
6_2024-01-25 00:00:00,6,2024-01-25,34216.76
6_2024-01-26 00:00:00,6,2024-01-26,18502.69
6_2024-01-27 00:00:00,6,2024-01-27,36230.43
6_2024-01-28 00:00:00,6,2024-01-28,28308.52
6_2024-01-29 00:00:00,6,2024-01-29,23653.55
6_2024-01-30 00:00:00,6,2024-01-30,35951.59
6_2024-01-31 00:00:00,6,2024-01-31,15256.23
6_2024-02-01 00:00:00,6,2024-02-01,16972.62
6_2024-02-02 00:00:00,6,2024-02-02,20510.53
6_2024-02-03 00:00:00,6,2024-02-03,21007.91
6_2024-02-04 00:00:00,6,2024-02-04,41170.77
6_2024-02-05 00:00:00,6,2024-02-05,11467.45
6_2024-02-06 00:00:00,6,2024-02-06,39193.71
6_2024-02-07 00:00:00,6,2024-02-07,20025.46
6_2024-02-08 00:00:00,6,2024-02-08,23910.68
6_2024-02-09 00:00:00,6,2024-02-09,6123.53
6_2024-02-10 00:00:00,6,2024-02-10,9996.89
6_2024-02-11 00:00:00,6,2024-02-11,41342.53
6_2024-02-12 00:00:00,6,2024-02-12,38912.47
6_2024-02-13 00:00:00,6,2024-02-13,28574.87
6_2024-02-14 00:00:00,6,2024-02-14,11297.32
6_2024-02-15 00:00:00,6,2024-02-15,8356.32
6_2024-02-16 00:00:00,6,2024-02-16,14078.39
6_2024-02-17 00:00:00,6,2024-02-17,46433.15
6_2024-02-18 00:00:00,6,2024-02-18,39609.64
6_2024-02-19 00:00:00,6,2024-02-19,16668.34
6_2024-02-20 00:00:00,6,2024-02-20,49887.36
6_2024-02-21 00:00:00,6,2024-02-21,24148.96
6_2024-02-22 00:00:00,6,2024-02-22,11121.16
6_2024-02-23 00:00:00,6,2024-02-23,45774.99
6_2024-02-24 00:00:00,6,2024-02-24,29876.02
6_2024-02-25 00:00:00,6,2024-02-25,38135.75
6_2024-02-26 00:00:00,6,2024-02-26,40533.69
6_2024-02-27 00:00:00,6,2024-02-27,33632.61
6_2024-02-28 00:00:00,6,2024-02-28,32758.87
6_2024-02-29 00:00:00,6,2024-02-29,24294.02
6_2024-03-01 00:00:00,6,2024-03-01,11171.86
6_2024-03-02 00:00:00,6,2024-03-02,46193.26
6_2024-03-03 00:00:00,6,2024-03-03,39464.44
6_2024-03-04 00:00:00,6,2024-03-04,41512.61
6_2024-03-05 00:00:00,6,2024-03-05,12052.81
6_2024-03-06 00:00:00,6,2024-03-06,35327.98
6_2024-03-07 00:00:00,6,2024-03-07,18209.0
6_2024-03-08 00:00:00,6,2024-03-08,42516.79
6_2024-03-09 00:00:00,6,2024-03-09,42504.65
6_2024-03-10 00:00:00,6,2024-03-10,6362.79
6_2024-03-11 00:00:00,6,2024-03-11,31520.38
6_2024-03-12 00:00:00,6,2024-03-12,42997.35
6_2024-03-13 00:00:00,6,2024-03-13,43419.95
6_2024-03-14 00:00:00,6,2024-03-14,18680.45
6_2024-03-15 00:00:00,6,2024-03-15,20502.5
6_2024-03-16 00:00:00,6,2024-03-16,7052.7
6_2024-03-17 00:00:00,6,2024-03-17,13268.77
6_2024-03-18 00:00:00,6,2024-03-18,35925.56
6_2024-03-19 00:00:00,6,2024-03-19,25796.59
6_2024-03-20 00:00:00,6,2024-03-20,22352.04
6_2024-03-21 00:00:00,6,2024-03-21,10309.68
6_2024-03-22 00:00:00,6,2024-03-22,46628.19
6_2024-03-23 00:00:00,6,2024-03-23,44207.65
6_2024-03-24 00:00:00,6,2024-03-24,42399.12
6_2024-03-25 00:00:00,6,2024-03-25,48827.2
6_2024-03-26 00:00:00,6,2024-03-26,36481.57
6_2024-03-27 00:00:00,6,2024-03-27,21837.77
6_2024-03-28 00:00:00,6,2024-03-28,30375.22
6_2024-03-29 00:00:00,6,2024-03-29,32438.6
6_2024-03-30 00:00:00,6,2024-03-30,6159.79
6_2024-03-31 00:00:00,6,2024-03-31,36176.23
7_2024-01-01 00:00:00,7,2024-01-01,23892.93
7_2024-01-02 00:00:00,7,2024-01-02,37634.6
7_2024-01-03 00:00:00,7,2024-01-03,21605.36
7_2024-01-04 00:00:00,7,2024-01-04,42713.69
7_2024-01-05 00:00:00,7,2024-01-05,29529.36
7_2024-01-06 00:00:00,7,2024-01-06,36231.15
7_2024-01-07 00:00:00,7,2024-01-07,5214.96
7_2024-01-08 00:00:00,7,2024-01-08,11828.67
7_2024-01-09 00:00:00,7,2024-01-09,30036.94
7_2024-01-10 00:00:00,7,2024-01-10,31022.14
7_2024-01-11 00:00:00,7,2024-01-11,25045.29
7_2024-01-12 00:00:00,7,2024-01-12,39777.0
7_2024-01-13 00:00:00,7,2024-01-13,33606.22
7_2024-01-14 00:00:00,7,2024-01-14,29101.7
7_2024-01-15 00:00:00,7,2024-01-15,25721.19
7_2024-01-16 00:00:00,7,2024-01-16,30547.94
7_2024-01-17 00:00:00,7,2024-01-17,31158.9
7_2024-01-18 00:00:00,7,2024-01-18,39640.12
7_2024-01-19 00:00:00,7,2024-01-19,18011.38
7_2024-01-20 00:00:00,7,2024-01-20,12172.33
7_2024-01-21 00:00:00,7,2024-01-21,12647.1
7_2024-01-22 00:00:00,7,2024-01-22,18627.12
7_2024-01-23 00:00:00,7,2024-01-23,13140.67
7_2024-01-24 00:00:00,7,2024-01-24,39642.86
7_2024-01-25 00:00:00,7,2024-01-25,48246.14
7_2024-01-26 00:00:00,7,2024-01-26,7136.85
7_2024-01-27 00:00:00,7,2024-01-27,42475.44
7_2024-01-28 00:00:00,7,2024-01-28,39563.12
7_2024-01-29 00:00:00,7,2024-01-29,32576.27
7_2024-01-30 00:00:00,7,2024-01-30,5339.88
7_2024-01-31 00:00:00,7,2024-01-31,48050.91
7_2024-02-01 00:00:00,7,2024-02-01,30667.81
7_2024-02-02 00:00:00,7,2024-02-02,31898.46
7_2024-02-03 00:00:00,7,2024-02-03,36841.19
7_2024-02-04 00:00:00,7,2024-02-04,16680.6
7_2024-02-05 00:00:00,7,2024-02-05,33086.7
7_2024-02-06 00:00:00,7,2024-02-06,7482.36
7_2024-02-07 00:00:00,7,2024-02-07,26979.89
7_2024-02-08 00:00:00,7,2024-02-08,30154.56
7_2024-02-09 00:00:00,7,2024-02-09,18625.31
7_2024-02-10 00:00:00,7,2024-02-10,29893.08
7_2024-02-11 00:00:00,7,2024-02-11,22059.98
7_2024-02-12 00:00:00,7,2024-02-12,9451.3
7_2024-02-13 00:00:00,7,2024-02-13,31535.04
7_2024-02-14 00:00:00,7,2024-02-14,36135.12
7_2024-02-15 00:00:00,7,2024-02-15,44460.54
7_2024-02-16 00:00:00,7,2024-02-16,40624.64
7_2024-02-17 00:00:00,7,2024-02-17,42462.88
7_2024-02-18 00:00:00,7,2024-02-18,38451.73
7_2024-02-19 00:00:00,7,2024-02-19,21372.5
7_2024-02-20 00:00:00,7,2024-02-20,45279.62
7_2024-02-21 00:00:00,7,2024-02-21,27100.48
7_2024-02-22 00:00:00,7,2024-02-22,23389.63
7_2024-02-23 00:00:00,7,2024-02-23,31824.74
7_2024-02-24 00:00:00,7,2024-02-24,12102.93
7_2024-02-25 00:00:00,7,2024-02-25,15328.06
7_2024-02-26 00:00:00,7,2024-02-26,19198.97
7_2024-02-27 00:00:00,7,2024-02-27,43866.02
7_2024-02-28 00:00:00,7,2024-02-28,40152.98
7_2024-02-29 00:00:00,7,2024-02-29,29247.21
7_2024-03-01 00:00:00,7,2024-03-01,46121.5
7_2024-03-02 00:00:00,7,2024-03-02,32596.52
7_2024-03-03 00:00:00,7,2024-03-03,30424.72
7_2024-03-04 00:00:00,7,2024-03-04,24490.11
7_2024-03-05 00:00:00,7,2024-03-05,32274.0
7_2024-03-06 00:00:00,7,2024-03-06,39511.74
7_2024-03-07 00:00:00,7,2024-03-07,11228.7
7_2024-03-08 00:00:00,7,2024-03-08,46482.0
7_2024-03-09 00:00:00,7,2024-03-09,19521.91
7_2024-03-10 00:00:00,7,2024-03-10,22768.62
7_2024-03-11 00:00:00,7,2024-03-11,26294.16
7_2024-03-12 00:00:00,7,2024-03-12,19115.39
7_2024-03-13 00:00:00,7,2024-03-13,19826.9
7_2024-03-14 00:00:00,7,2024-03-14,33431.0
7_2024-03-15 00:00:00,7,2024-03-15,31299.53
7_2024-03-16 00:00:00,7,2024-03-16,46467.37
7_2024-03-17 00:00:00,7,2024-03-17,47837.03
7_2024-03-18 00:00:00,7,2024-03-18,48770.14
7_2024-03-19 00:00:00,7,2024-03-19,17275.64
7_2024-03-20 00:00:00,7,2024-03-20,17664.71
7_2024-03-21 00:00:00,7,2024-03-21,25159.94
7_2024-03-22 00:00:00,7,2024-03-22,37722.2
7_2024-03-23 00:00:00,7,2024-03-23,20323.89
7_2024-03-24 00:00:00,7,2024-03-24,35637.61
7_2024-03-25 00:00:00,7,2024-03-25,22427.71
7_2024-03-26 00:00:00,7,2024-03-26,17271.24
7_2024-03-27 00:00:00,7,2024-03-27,8791.34
7_2024-03-28 00:00:00,7,2024-03-28,6547.2
7_2024-03-29 00:00:00,7,2024-03-29,16666.9
7_2024-03-30 00:00:00,7,2024-03-30,33811.78
7_2024-03-31 00:00:00,7,2024-03-31,41654.08
8_2024-01-01 00:00:00,8,2024-01-01,34001.68
8_2024-01-02 00:00:00,8,2024-01-02,49617.18
8_2024-01-03 00:00:00,8,2024-01-03,43017.43
8_2024-01-04 00:00:00,8,2024-01-04,45616.07
8_2024-01-05 00:00:00,8,2024-01-05,10653.96
8_2024-01-06 00:00:00,8,2024-01-06,27061.96
8_2024-01-07 00:00:00,8,2024-01-07,20008.23
8_2024-01-08 00:00:00,8,2024-01-08,11021.7
8_2024-01-09 00:00:00,8,2024-01-09,20262.51
8_2024-01-10 00:00:00,8,2024-01-10,8026.0
8_2024-01-11 00:00:00,8,2024-01-11,33760.9
8_2024-01-12 00:00:00,8,2024-01-12,20636.97
8_2024-01-13 00:00:00,8,2024-01-13,37838.16
8_2024-01-14 00:00:00,8,2024-01-14,27071.48
8_2024-01-15 00:00:00,8,2024-01-15,38990.5
8_2024-01-16 00:00:00,8,2024-01-16,34977.49
8_2024-01-17 00:00:00,8,2024-01-17,6155.45
8_2024-01-18 00:00:00,8,2024-01-18,45785.26
8_2024-01-19 00:00:00,8,2024-01-19,42678.06
8_2024-01-20 00:00:00,8,2024-01-20,16016.2
8_2024-01-21 00:00:00,8,2024-01-21,39415.56
8_2024-01-22 00:00:00,8,2024-01-22,6435.25
8_2024-01-23 00:00:00,8,2024-01-23,13461.66
8_2024-01-24 00:00:00,8,2024-01-24,43423.37
8_2024-01-25 00:00:00,8,2024-01-25,49523.92
8_2024-01-26 00:00:00,8,2024-01-26,8098.7
8_2024-01-27 00:00:00,8,2024-01-27,12670.66
8_2024-01-28 00:00:00,8,2024-01-28,45824.32
8_2024-01-29 00:00:00,8,2024-01-29,28126.26
8_2024-01-30 00:00:00,8,2024-01-30,38532.7
8_2024-01-31 00:00:00,8,2024-01-31,27152.29
8_2024-02-01 00:00:00,8,2024-02-01,27947.45
8_2024-02-02 00:00:00,8,2024-02-02,32562.61
8_2024-02-03 00:00:00,8,2024-02-03,18603.05
8_2024-02-04 00:00:00,8,2024-02-04,28147.26
8_2024-02-05 00:00:00,8,2024-02-05,7112.06
8_2024-02-06 00:00:00,8,2024-02-06,18636.72
8_2024-02-07 00:00:00,8,2024-02-07,49135.07
8_2024-02-08 00:00:00,8,2024-02-08,34466.23
8_2024-02-09 00:00:00,8,2024-02-09,5689.28
8_2024-02-10 00:00:00,8,2024-02-10,16513.07
8_2024-02-11 00:00:00,8,2024-02-11,26682.35
8_2024-02-12 00:00:00,8,2024-02-12,35070.97
8_2024-02-13 00:00:00,8,2024-02-13,9139.9
8_2024-02-14 00:00:00,8,2024-02-14,13466.2
8_2024-02-15 00:00:00,8,2024-02-15,10271.04
8_2024-02-16 00:00:00,8,2024-02-16,14951.19
8_2024-02-17 00:00:00,8,2024-02-17,21031.34
8_2024-02-18 00:00:00,8,2024-02-18,25260.0
8_2024-02-19 00:00:00,8,2024-02-19,7960.23
8_2024-02-20 00:00:00,8,2024-02-20,12938.04
8_2024-02-21 00:00:00,8,2024-02-21,25645.02
8_2024-02-22 00:00:00,8,2024-02-22,34877.23
8_2024-02-23 00:00:00,8,2024-02-23,27971.21
8_2024-02-24 00:00:00,8,2024-02-24,23886.48
8_2024-02-25 00:00:00,8,2024-02-25,37881.61
8_2024-02-26 00:00:00,8,2024-02-26,42545.71
8_2024-02-27 00:00:00,8,2024-02-27,48626.16
8_2024-02-28 00:00:00,8,2024-02-28,48222.23
8_2024-02-29 00:00:00,8,2024-02-29,14495.97
8_2024-03-01 00:00:00,8,2024-03-01,10522.46
8_2024-03-02 00:00:00,8,2024-03-02,36772.92
8_2024-03-03 00:00:00,8,2024-03-03,10397.0
8_2024-03-04 00:00:00,8,2024-03-04,25721.84
8_2024-03-05 00:00:00,8,2024-03-05,12530.45
8_2024-03-06 00:00:00,8,2024-03-06,29007.89
8_2024-03-07 00:00:00,8,2024-03-07,30749.89
8_2024-03-08 00:00:00,8,2024-03-08,38176.24
8_2024-03-09 00:00:00,8,2024-03-09,37570.49
8_2024-03-10 00:00:00,8,2024-03-10,8910.49
8_2024-03-11 00:00:00,8,2024-03-11,34454.0
8_2024-03-12 00:00:00,8,2024-03-12,29294.72
8_2024-03-13 00:00:00,8,2024-03-13,25237.63
8_2024-03-14 00:00:00,8,2024-03-14,32971.21
8_2024-03-15 00:00:00,8,2024-03-15,16055.14
8_2024-03-16 00:00:00,8,2024-03-16,19155.63
8_2024-03-17 00:00:00,8,2024-03-17,26781.73
8_2024-03-18 00:00:00,8,2024-03-18,18951.35
8_2024-03-19 00:00:00,8,2024-03-19,8851.07
8_2024-03-20 00:00:00,8,2024-03-20,35077.47
8_2024-03-21 00:00:00,8,2024-03-21,15464.73
8_2024-03-22 00:00:00,8,2024-03-22,5128.02
8_2024-03-23 00:00:00,8,2024-03-23,13983.54
8_2024-03-24 00:00:00,8,2024-03-24,39503.99
8_2024-03-25 00:00:00,8,2024-03-25,26009.73
8_2024-03-26 00:00:00,8,2024-03-26,13895.54
8_2024-03-27 00:00:00,8,2024-03-27,29078.67
8_2024-03-28 00:00:00,8,2024-03-28,48018.35
8_2024-03-29 00:00:00,8,2024-03-29,48505.86
8_2024-03-30 00:00:00,8,2024-03-30,13863.34
8_2024-03-31 00:00:00,8,2024-03-31,38429.41
9_2024-01-01 00:00:00,9,2024-01-01,44574.07
9_2024-01-02 00:00:00,9,2024-01-02,34673.91
9_2024-01-03 00:00:00,9,2024-01-03,10469.77
9_2024-01-04 00:00:00,9,2024-01-04,40149.77
9_2024-01-05 00:00:00,9,2024-01-05,10876.16
9_2024-01-06 00:00:00,9,2024-01-06,19446.87
9_2024-01-07 00:00:00,9,2024-01-07,11022.34
9_2024-01-08 00:00:00,9,2024-01-08,49506.07
9_2024-01-09 00:00:00,9,2024-01-09,16927.74
9_2024-01-10 00:00:00,9,2024-01-10,25448.9
9_2024-01-11 00:00:00,9,2024-01-11,30347.14
9_2024-01-12 00:00:00,9,2024-01-12,32910.09
9_2024-01-13 00:00:00,9,2024-01-13,47561.16
9_2024-01-14 00:00:00,9,2024-01-14,44343.99
9_2024-01-15 00:00:00,9,2024-01-15,47400.69
9_2024-01-16 00:00:00,9,2024-01-16,6192.25
9_2024-01-17 00:00:00,9,2024-01-17,22820.7
9_2024-01-18 00:00:00,9,2024-01-18,23101.37
9_2024-01-19 00:00:00,9,2024-01-19,44289.88
9_2024-01-20 00:00:00,9,2024-01-20,20941.22
9_2024-01-21 00:00:00,9,2024-01-21,29147.64
9_2024-01-22 00:00:00,9,2024-01-22,42029.99
9_2024-01-23 00:00:00,9,2024-01-23,13229.03
9_2024-01-24 00:00:00,9,2024-01-24,32085.23
9_2024-01-25 00:00:00,9,2024-01-25,7819.0
9_2024-01-26 00:00:00,9,2024-01-26,37602.6
9_2024-01-27 00:00:00,9,2024-01-27,39008.97
9_2024-01-28 00:00:00,9,2024-01-28,47270.4
9_2024-01-29 00:00:00,9,2024-01-29,12144.69
9_2024-01-30 00:00:00,9,2024-01-30,44529.78
9_2024-01-31 00:00:00,9,2024-01-31,39244.62
9_2024-02-01 00:00:00,9,2024-02-01,32648.0
9_2024-02-02 00:00:00,9,2024-02-02,46912.78
9_2024-02-03 00:00:00,9,2024-02-03,46868.72
9_2024-02-04 00:00:00,9,2024-02-04,17424.8
9_2024-02-05 00:00:00,9,2024-02-05,9792.96
9_2024-02-06 00:00:00,9,2024-02-06,7024.49
9_2024-02-07 00:00:00,9,2024-02-07,47391.02
9_2024-02-08 00:00:00,9,2024-02-08,40528.77
9_2024-02-09 00:00:00,9,2024-02-09,49014.55
9_2024-02-10 00:00:00,9,2024-02-10,23372.04
9_2024-02-11 00:00:00,9,2024-02-11,36857.65
9_2024-02-12 00:00:00,9,2024-02-12,39053.06
9_2024-02-13 00:00:00,9,2024-02-13,14920.57
9_2024-02-14 00:00:00,9,2024-02-14,18118.97
9_2024-02-15 00:00:00,9,2024-02-15,48270.85
9_2024-02-16 00:00:00,9,2024-02-16,9166.79
9_2024-02-17 00:00:00,9,2024-02-17,30868.01
9_2024-02-18 00:00:00,9,2024-02-18,11216.66
9_2024-02-19 00:00:00,9,2024-02-19,49671.68
9_2024-02-20 00:00:00,9,2024-02-20,36797.08
9_2024-02-21 00:00:00,9,2024-02-21,21482.6
9_2024-02-22 00:00:00,9,2024-02-22,33347.79
9_2024-02-23 00:00:00,9,2024-02-23,31332.41
9_2024-02-24 00:00:00,9,2024-02-24,24296.55
9_2024-02-25 00:00:00,9,2024-02-25,38158.63
9_2024-02-26 00:00:00,9,2024-02-26,32653.93
9_2024-02-27 00:00:00,9,2024-02-27,47855.08
9_2024-02-28 00:00:00,9,2024-02-28,23162.88
9_2024-02-29 00:00:00,9,2024-02-29,37688.27
9_2024-03-01 00:00:00,9,2024-03-01,22942.9
9_2024-03-02 00:00:00,9,2024-03-02,11259.83
9_2024-03-03 00:00:00,9,2024-03-03,46743.44
9_2024-03-04 00:00:00,9,2024-03-04,14445.94
9_2024-03-05 00:00:00,9,2024-03-05,47470.11
9_2024-03-06 00:00:00,9,2024-03-06,12736.25
9_2024-03-07 00:00:00,9,2024-03-07,44726.67
9_2024-03-08 00:00:00,9,2024-03-08,20932.14
9_2024-03-09 00:00:00,9,2024-03-09,6909.59
9_2024-03-10 00:00:00,9,2024-03-10,25105.38
9_2024-03-11 00:00:00,9,2024-03-11,18977.51
9_2024-03-12 00:00:00,9,2024-03-12,48621.0
9_2024-03-13 00:00:00,9,2024-03-13,22412.48
9_2024-03-14 00:00:00,9,2024-03-14,7530.67
9_2024-03-15 00:00:00,9,2024-03-15,32618.53
9_2024-03-16 00:00:00,9,2024-03-16,22063.14
9_2024-03-17 00:00:00,9,2024-03-17,17107.83
9_2024-03-18 00:00:00,9,2024-03-18,31849.69
9_2024-03-19 00:00:00,9,2024-03-19,6073.94
9_2024-03-20 00:00:00,9,2024-03-20,35872.29
9_2024-03-21 00:00:00,9,2024-03-21,14474.06
9_2024-03-22 00:00:00,9,2024-03-22,21404.05
9_2024-03-23 00:00:00,9,2024-03-23,17291.12
9_2024-03-24 00:00:00,9,2024-03-24,19009.82
9_2024-03-25 00:00:00,9,2024-03-25,49824.82
9_2024-03-26 00:00:00,9,2024-03-26,33990.72
9_2024-03-27 00:00:00,9,2024-03-27,34761.23
9_2024-03-28 00:00:00,9,2024-03-28,33038.72
9_2024-03-29 00:00:00,9,2024-03-29,46231.46
9_2024-03-30 00:00:00,9,2024-03-30,16562.07
9_2024-03-31 00:00:00,9,2024-03-31,30049.13
10_2024-01-01 00:00:00,10,2024-01-01,16487.94
10_2024-01-02 00:00:00,10,2024-01-02,42096.85
10_2024-01-03 00:00:00,10,2024-01-03,13963.91
10_2024-01-04 00:00:00,10,2024-01-04,34912.6
10_2024-01-05 00:00:00,10,2024-01-05,23961.05
10_2024-01-06 00:00:00,10,2024-01-06,39341.01
10_2024-01-07 00:00:00,10,2024-01-07,15256.46
10_2024-01-08 00:00:00,10,2024-01-08,17587.87
10_2024-01-09 00:00:00,10,2024-01-09,27502.1
10_2024-01-10 00:00:00,10,2024-01-10,40389.34
10_2024-01-11 00:00:00,10,2024-01-11,19274.05
10_2024-01-12 00:00:00,10,2024-01-12,43542.93
10_2024-01-13 00:00:00,10,2024-01-13,10820.39
10_2024-01-14 00:00:00,10,2024-01-14,45669.09
10_2024-01-15 00:00:00,10,2024-01-15,15952.91
10_2024-01-16 00:00:00,10,2024-01-16,21428.87
10_2024-01-17 00:00:00,10,2024-01-17,40109.78
10_2024-01-18 00:00:00,10,2024-01-18,36903.03
10_2024-01-19 00:00:00,10,2024-01-19,30827.58
10_2024-01-20 00:00:00,10,2024-01-20,6587.36
10_2024-01-21 00:00:00,10,2024-01-21,24291.75
10_2024-01-22 00:00:00,10,2024-01-22,31154.86
10_2024-01-23 00:00:00,10,2024-01-23,41817.91
10_2024-01-24 00:00:00,10,2024-01-24,42687.76
10_2024-01-25 00:00:00,10,2024-01-25,11944.81
10_2024-01-26 00:00:00,10,2024-01-26,25290.5
10_2024-01-27 00:00:00,10,2024-01-27,42876.6
10_2024-01-28 00:00:00,10,2024-01-28,22245.0
10_2024-01-29 00:00:00,10,2024-01-29,22623.66
10_2024-01-30 00:00:00,10,2024-01-30,45784.42
10_2024-01-31 00:00:00,10,2024-01-31,5571.12
10_2024-02-01 00:00:00,10,2024-02-01,44865.61
10_2024-02-02 00:00:00,10,2024-02-02,40273.75
10_2024-02-03 00:00:00,10,2024-02-03,8534.37
10_2024-02-04 00:00:00,10,2024-02-04,30825.7
10_2024-02-05 00:00:00,10,2024-02-05,37806.12
10_2024-02-06 00:00:00,10,2024-02-06,48276.88
10_2024-02-07 00:00:00,10,2024-02-07,27289.42
10_2024-02-08 00:00:00,10,2024-02-08,5886.4
10_2024-02-09 00:00:00,10,2024-02-09,5234.23
10_2024-02-10 00:00:00,10,2024-02-10,21165.09
10_2024-02-11 00:00:00,10,2024-02-11,13544.22
10_2024-02-12 00:00:00,10,2024-02-12,11218.06
10_2024-02-13 00:00:00,10,2024-02-13,10331.09
10_2024-02-14 00:00:00,10,2024-02-14,42692.7
10_2024-02-15 00:00:00,10,2024-02-15,39967.72
10_2024-02-16 00:00:00,10,2024-02-16,27823.43
10_2024-02-17 00:00:00,10,2024-02-17,45620.63
10_2024-02-18 00:00:00,10,2024-02-18,21217.25
10_2024-02-19 00:00:00,10,2024-02-19,6314.5
10_2024-02-20 00:00:00,10,2024-02-20,15103.5
10_2024-02-21 00:00:00,10,2024-02-21,45549.86
10_2024-02-22 00:00:00,10,2024-02-22,34700.53
10_2024-02-23 00:00:00,10,2024-02-23,47249.88
10_2024-02-24 00:00:00,10,2024-02-24,24103.76
10_2024-02-25 00:00:00,10,2024-02-25,5183.59
10_2024-02-26 00:00:00,10,2024-02-26,44103.14
10_2024-02-27 00:00:00,10,2024-02-27,39971.81
10_2024-02-28 00:00:00,10,2024-02-28,24286.41
10_2024-02-29 00:00:00,10,2024-02-29,35883.04
10_2024-03-01 00:00:00,10,2024-03-01,22024.87
10_2024-03-02 00:00:00,10,2024-03-02,21731.29
10_2024-03-03 00:00:00,10,2024-03-03,28755.23
10_2024-03-04 00:00:00,10,2024-03-04,37571.62
10_2024-03-05 00:00:00,10,2024-03-05,20910.69
10_2024-03-06 00:00:00,10,2024-03-06,42444.43
10_2024-03-07 00:00:00,10,2024-03-07,13087.18
10_2024-03-08 00:00:00,10,2024-03-08,31266.93
10_2024-03-09 00:00:00,10,2024-03-09,12624.11
10_2024-03-10 00:00:00,10,2024-03-10,18883.85
10_2024-03-11 00:00:00,10,2024-03-11,27617.03
10_2024-03-12 00:00:00,10,2024-03-12,32844.46
10_2024-03-13 00:00:00,10,2024-03-13,29681.2
10_2024-03-14 00:00:00,10,2024-03-14,31771.29
10_2024-03-15 00:00:00,10,2024-03-15,42911.29
10_2024-03-16 00:00:00,10,2024-03-16,44326.79
10_2024-03-17 00:00:00,10,2024-03-17,10965.29
10_2024-03-18 00:00:00,10,2024-03-18,11780.63
10_2024-03-19 00:00:00,10,2024-03-19,20145.08
10_2024-03-20 00:00:00,10,2024-03-20,29910.18
10_2024-03-21 00:00:00,10,2024-03-21,6851.29
10_2024-03-22 00:00:00,10,2024-03-22,36259.19
10_2024-03-23 00:00:00,10,2024-03-23,34915.42
10_2024-03-24 00:00:00,10,2024-03-24,17600.46
10_2024-03-25 00:00:00,10,2024-03-25,6928.59
10_2024-03-26 00:00:00,10,2024-03-26,9151.18
10_2024-03-27 00:00:00,10,2024-03-27,20968.08
10_2024-03-28 00:00:00,10,2024-03-28,26328.09
10_2024-03-29 00:00:00,10,2024-03-29,30916.52
10_2024-03-30 00:00:00,10,2024-03-30,47776.97
10_2024-03-31 00:00:00,10,2024-03-31,36340.41
